cgpa,placement_exam_marks,college_tier,internship_experience,placement
7.19,26.0,Tier 2,1,0
7.46,38.0,Tier 3,1,1
7.54,40.0,Tier 1,0,0
6.42,8.0,Tier 3,0,1
7.23,17.0,Tier 2,0,1
7.3,23.0,Tier 1,0,0
6.69,11.0,Tier 3,1,0
7.12,39.0,Tier 3,1,1
6.45,38.0,Tier 3,0,0
7.75,94.0,Tier 3,1,1
6.82,16.0,Tier 3,1,1
6.38,7.0,Tier 3,0,0
6.58,16.0,Tier 1,0,1
5.68,26.0,Tier 1,0,1
7.91,43.0,Tier 1,0,0
7.1,21.0,Tier 2,0,1
6.53,19.0,Tier 1,0,0
7.56,22.0,Tier 3,0,1
6.93,27.0,Tier 1,0,0
7.63,29.0,Tier 2,1,1
6.69,47.0,Tier 1,0,1
7.43,33.0,Tier 2,1,1
6.76,54.0,Tier 2,0,1
6.05,11.0,Tier 1,1,0
6.44,11.0,Tier 2,0,0
6.28,58.0,Tier 3,0,0
7.45,8.0,Tier 2,1,0
6.53,46.0,Tier 1,1,1
7.23,19.0,Tier 3,1,0
6.51,15.0,Tier 2,0,1
7.46,16.0,Tier 3,0,1
7.66,44.0,Tier 2,1,1
5.91,11.0,Tier 2,1,0
6.23,27.0,Tier 3,1,1
8.15,9.0,Tier 2,1,1
7.48,12.0,Tier 3,0,0
6.85,16.0,Tier 1,1,1
8.51,9.0,Tier 2,0,1
6.58,20.0,Tier 2,0,0
7.25,17.0,Tier 2,0,1
6.6,86.0,Tier 2,1,0
6.7,38.0,Tier 2,0,0
7.46,71.0,Tier 2,0,0
7.85,63.0,Tier 2,1,0
7.88,55.0,Tier 1,0,0
6.92,10.0,Tier 2,1,0
7.3,15.0,Tier 1,0,1
6.92,46.0,Tier 1,0,0
6.29,42.0,Tier 3,1,1
8.23,28.0,Tier 2,0,1
6.2,18.0,Tier 1,0,0
6.24,28.0,Tier 1,0,0
7.53,27.0,Tier 3,0,0
6.69,33.0,Tier 2,1,0
8.42,36.0,Tier 1,1,1
8.12,15.0,Tier 1,1,1
6.93,15.0,Tier 3,0,0
7.73,24.0,Tier 2,1,1
7.34,43.0,Tier 1,1,0
7.7,32.0,Tier 3,1,0
7.94,31.0,Tier 3,0,1
7.51,86.0,Tier 2,0,0
7.61,22.0,Tier 3,0,0
6.22,26.0,Tier 2,1,1
6.98,52.0,Tier 1,1,0
6.27,28.0,Tier 2,1,1
6.67,31.0,Tier 2,0,1
8.04,18.0,Tier 3,1,0
6.58,30.0,Tier 3,1,0
7.41,44.0,Tier 2,0,0
6.98,17.0,Tier 2,0,0
6.13,20.0,Tier 1,1,0
7.9,19.0,Tier 1,1,1
6.39,12.0,Tier 1,1,0
6.16,3.0,Tier 2,0,0
6.77,56.0,Tier 1,1,1
8.35,12.0,Tier 2,0,1
7.1,28.0,Tier 3,0,1
8.2,12.0,Tier 2,0,0
7.63,19.0,Tier 1,1,1
6.87,46.0,Tier 3,1,1
7.12,44.0,Tier 2,1,1
7.22,12.0,Tier 2,0,0
7.38,20.0,Tier 3,1,1
5.65,35.0,Tier 2,0,0
6.03,28.0,Tier 3,1,0
7.19,22.0,Tier 1,0,0
6.96,19.0,Tier 3,0,0
6.78,39.0,Tier 2,0,1
6.56,17.0,Tier 1,0,1
7.61,15.0,Tier 3,1,1
7.42,6.0,Tier 3,1,0
6.48,63.0,Tier 3,0,0
7.0,30.0,Tier 2,1,1
7.15,21.0,Tier 2,0,0
6.89,35.0,Tier 3,1,0
7.09,28.0,Tier 3,1,1
7.33,52.0,Tier 3,1,0
8.12,76.0,Tier 2,0,1
7.46,23.0,Tier 1,1,0
6.56,46.0,Tier 1,1,0
6.48,26.0,Tier 3,0,0
5.92,22.0,Tier 2,0,1
6.44,18.0,Tier 2,1,1
6.82,47.0,Tier 1,1,1
6.72,12.0,Tier 1,1,1
6.59,22.0,Tier 2,1,0
7.32,9.0,Tier 2,1,1
5.94,10.0,Tier 3,0,0
7.23,21.0,Tier 3,0,1
6.96,31.0,Tier 1,0,0
6.48,33.0,Tier 3,1,1
7.23,15.0,Tier 1,0,0
7.24,10.0,Tier 1,1,1
6.3,77.0,Tier 3,1,1
7.28,37.0,Tier 2,1,1
7.16,21.0,Tier 1,0,0
7.11,0.0,Tier 3,1,1
6.9,54.0,Tier 1,0,0
7.0,39.0,Tier 2,1,1
6.99,46.0,Tier 2,0,1
5.91,27.0,Tier 2,0,1
5.97,51.0,Tier 1,1,1
6.25,52.0,Tier 2,0,0
6.2,30.0,Tier 1,0,1
7.46,55.0,Tier 1,1,1
7.16,37.0,Tier 3,1,0
6.95,23.0,Tier 3,1,1
6.76,25.0,Tier 1,1,0
6.81,39.0,Tier 2,1,1
5.91,53.0,Tier 2,0,0
8.19,19.0,Tier 2,1,1
7.71,18.0,Tier 1,0,1
7.65,64.0,Tier 2,1,1
6.33,93.0,Tier 3,1,1
6.63,47.0,Tier 2,0,1
7.28,15.0,Tier 3,0,0
5.69,53.0,Tier 2,1,1
7.53,8.0,Tier 3,0,0
8.09,5.0,Tier 3,1,1
6.85,22.0,Tier 2,1,1
7.19,18.0,Tier 2,1,1
7.66,41.0,Tier 3,0,0
6.32,33.0,Tier 2,1,0
6.67,17.0,Tier 3,1,1
7.08,28.0,Tier 1,1,0
6.75,22.0,Tier 1,1,0
6.68,11.0,Tier 1,1,0
6.86,49.0,Tier 3,1,1
6.81,58.0,Tier 1,0,1
8.53,22.0,Tier 1,1,1
7.29,16.0,Tier 1,1,1
7.78,56.0,Tier 3,0,0
6.29,10.0,Tier 1,1,1
7.57,54.0,Tier 3,1,1
7.84,12.0,Tier 2,1,0
6.4,34.0,Tier 3,0,0
7.07,81.0,Tier 2,0,0
5.74,50.0,Tier 2,1,1
6.7,22.0,Tier 3,1,1
7.36,10.0,Tier 2,0,0
6.26,52.0,Tier 3,1,0
7.8,90.0,Tier 1,1,0
6.77,42.0,Tier 3,1,1
6.29,34.0,Tier 1,1,0
7.53,7.0,Tier 1,0,1
7.76,59.0,Tier 2,0,1
6.65,48.0,Tier 1,0,0
6.51,37.0,Tier 2,1,0
6.19,16.0,Tier 1,0,0
6.17,37.0,Tier 2,0,1
6.2,38.0,Tier 3,0,1
7.24,43.0,Tier 2,1,1
6.71,48.0,Tier 3,1,1
7.31,21.0,Tier 1,0,0
7.57,26.0,Tier 2,0,1
7.72,30.0,Tier 2,1,1
6.22,40.0,Tier 2,0,0
7.51,39.0,Tier 2,0,1
6.4,45.0,Tier 2,0,1
7.18,29.0,Tier 1,0,1
7.3,42.0,Tier 1,0,1
6.87,76.0,Tier 1,0,1
6.11,18.0,Tier 2,0,1
7.78,33.0,Tier 3,1,0
7.3,31.0,Tier 1,0,0
6.97,63.0,Tier 2,1,1
6.63,10.0,Tier 3,1,0
5.92,55.0,Tier 3,0,0
6.63,9.0,Tier 3,1,0
7.54,23.0,Tier 2,0,0
6.63,8.0,Tier 3,1,1
6.67,38.0,Tier 1,0,1
6.31,14.0,Tier 1,0,0
8.19,33.0,Tier 2,0,0
6.71,44.0,Tier 3,1,0
7.28,34.0,Tier 1,1,1
6.75,27.0,Tier 2,1,1
8.29,44.0,Tier 3,0,0
7.43,25.0,Tier 1,1,1
5.77,22.0,Tier 1,0,1
6.67,15.0,Tier 2,1,1
6.51,48.0,Tier 2,0,1
7.93,52.0,Tier 3,0,0
7.01,5.0,Tier 2,0,1
6.99,47.0,Tier 2,0,0
7.5,25.0,Tier 1,1,1
7.05,16.0,Tier 3,0,1
7.25,12.0,Tier 2,1,1
6.88,35.0,Tier 2,0,1
6.58,19.0,Tier 3,1,0
7.36,14.0,Tier 3,0,0
6.23,57.0,Tier 2,0,1
6.62,19.0,Tier 2,1,1
7.42,60.0,Tier 2,0,0
7.72,22.0,Tier 2,0,0
5.42,36.0,Tier 1,1,0
6.92,16.0,Tier 2,1,1
6.62,52.0,Tier 1,0,1
5.48,3.0,Tier 1,0,0
7.75,16.0,Tier 2,1,1
6.78,24.0,Tier 3,0,1
6.97,78.0,Tier 2,0,1
6.15,11.0,Tier 1,0,0
7.15,19.0,Tier 1,1,1
7.36,13.0,Tier 3,1,1
6.79,21.0,Tier 2,0,0
7.03,19.0,Tier 3,0,1
7.61,15.0,Tier 3,0,1
6.68,13.0,Tier 3,1,1
7.12,14.0,Tier 1,0,1
6.4,35.0,Tier 1,0,1
7.77,34.0,Tier 1,1,0
7.25,41.0,Tier 2,0,0
8.09,36.0,Tier 2,1,0
7.2,52.0,Tier 3,0,0
7.7,36.0,Tier 2,0,1
7.14,52.0,Tier 2,0,1
7.41,78.0,Tier 2,1,0
6.71,16.0,Tier 2,1,1
7.25,38.0,Tier 2,1,1
7.22,18.0,Tier 3,0,0
5.99,44.0,Tier 2,0,0
6.78,55.0,Tier 1,0,1
7.68,44.0,Tier 2,0,1
6.78,62.0,Tier 1,1,0
7.67,26.0,Tier 2,0,0
6.25,49.0,Tier 3,0,1
6.9,44.0,Tier 2,0,0
7.46,52.0,Tier 3,0,0
7.4,13.0,Tier 1,0,1
6.46,45.0,Tier 1,1,0
6.24,54.0,Tier 3,0,1
6.98,76.0,Tier 3,1,0
6.7,64.0,Tier 2,1,1
7.76,10.0,Tier 2,0,0
7.37,48.0,Tier 3,0,0
5.74,76.0,Tier 3,0,0
6.12,6.0,Tier 1,1,0
7.16,10.0,Tier 1,0,1
5.66,57.0,Tier 2,0,1
7.17,11.0,Tier 2,0,0
7.19,10.0,Tier 1,1,1
8.11,50.0,Tier 3,1,1
7.82,28.0,Tier 2,0,1
6.94,57.0,Tier 1,1,1
7.73,50.0,Tier 1,1,1
6.0,65.0,Tier 3,0,0
7.38,21.0,Tier 3,1,1
6.47,16.0,Tier 2,0,0
6.8,16.0,Tier 2,1,1
7.64,21.0,Tier 2,1,1
6.23,56.0,Tier 2,0,1
7.0,9.0,Tier 3,0,0
7.13,4.0,Tier 1,0,1
8.03,39.0,Tier 1,1,1
6.96,46.0,Tier 3,1,1
6.45,15.0,Tier 2,0,0
5.23,17.0,Tier 3,0,0
8.49,40.0,Tier 2,1,1
6.62,55.0,Tier 1,1,1
7.68,22.0,Tier 2,1,1
6.43,44.0,Tier 3,0,1
7.09,87.0,Tier 2,0,1
6.99,62.0,Tier 3,0,0
7.42,57.0,Tier 1,1,1
6.29,58.0,Tier 1,0,0
6.24,24.0,Tier 3,1,0
7.07,21.0,Tier 2,0,0
6.73,9.0,Tier 1,1,0
8.38,87.0,Tier 1,1,1
7.46,14.0,Tier 2,1,1
5.82,41.0,Tier 1,0,1
6.97,11.0,Tier 2,0,0
6.12,17.0,Tier 2,0,0
6.02,64.0,Tier 2,1,0
6.99,19.0,Tier 1,1,0
7.03,32.0,Tier 3,1,1
6.16,48.0,Tier 1,1,0
6.75,15.0,Tier 2,1,0
7.36,52.0,Tier 3,0,1
7.84,5.0,Tier 1,1,1
7.95,34.0,Tier 1,0,1
7.35,56.0,Tier 1,0,1
7.12,33.0,Tier 2,1,1
6.67,32.0,Tier 2,0,0
6.86,19.0,Tier 1,0,1
7.47,28.0,Tier 3,1,1
7.2,47.0,Tier 3,0,0
7.46,31.0,Tier 2,1,1
5.56,50.0,Tier 2,0,1
6.97,87.0,Tier 3,0,0
7.02,55.0,Tier 3,0,1
6.51,18.0,Tier 3,0,0
7.43,14.0,Tier 3,1,0
7.96,37.0,Tier 1,0,0
7.07,38.0,Tier 3,1,0
7.47,19.0,Tier 1,0,0
6.74,60.0,Tier 3,1,0
7.53,13.0,Tier 2,1,1
7.18,51.0,Tier 2,1,0
6.82,47.0,Tier 2,0,0
6.77,38.0,Tier 3,0,0
6.6,38.0,Tier 2,0,1
6.64,90.0,Tier 2,1,0
6.65,13.0,Tier 3,0,0
7.54,13.0,Tier 2,0,1
8.21,56.0,Tier 2,1,1
7.4,28.0,Tier 2,0,0
7.3,35.0,Tier 1,1,1
6.68,16.0,Tier 1,0,0
6.12,22.0,Tier 2,0,0
7.03,39.0,Tier 1,1,0
6.74,20.0,Tier 1,0,0
6.56,19.0,Tier 1,1,1
6.9,17.0,Tier 2,0,0
7.93,9.0,Tier 1,0,0
6.95,68.0,Tier 2,1,1
7.45,46.0,Tier 2,1,1
7.32,18.0,Tier 3,1,0
7.45,51.0,Tier 2,0,1
7.41,8.0,Tier 3,1,0
6.37,23.0,Tier 1,0,1
7.2,70.0,Tier 1,0,1
7.2,26.0,Tier 2,1,1
6.26,13.0,Tier 2,0,0
7.31,33.0,Tier 2,1,0
7.24,34.0,Tier 1,0,0
6.13,17.0,Tier 1,0,0
8.12,16.0,Tier 1,1,1
7.21,70.0,Tier 3,1,1
6.92,10.0,Tier 1,1,0
6.51,4.0,Tier 1,1,0
6.82,28.0,Tier 3,1,1
6.73,23.0,Tier 1,1,1
6.42,18.0,Tier 2,1,1
5.91,50.0,Tier 3,0,0
7.92,42.0,Tier 2,0,0
6.74,52.0,Tier 2,0,0
7.61,40.0,Tier 2,1,0
7.24,33.0,Tier 1,1,1
6.37,37.0,Tier 1,0,0
7.25,21.0,Tier 2,1,1
7.61,13.0,Tier 2,1,1
6.87,9.0,Tier 2,0,0
7.07,25.0,Tier 1,1,1
6.78,42.0,Tier 2,1,0
6.41,30.0,Tier 3,0,1
7.09,32.0,Tier 1,1,1
6.69,36.0,Tier 3,0,0
5.7,79.0,Tier 2,1,1
5.9,29.0,Tier 1,1,0
5.95,8.0,Tier 3,1,0
5.58,41.0,Tier 2,0,0
7.34,41.0,Tier 1,1,1
7.31,31.0,Tier 3,1,1
6.25,60.0,Tier 2,0,0
6.7,47.0,Tier 2,1,1
7.27,25.0,Tier 3,0,0
7.37,65.0,Tier 3,1,1
7.12,31.0,Tier 2,0,0
6.17,53.0,Tier 3,0,1
7.55,61.0,Tier 2,0,1
7.26,4.0,Tier 3,1,0
7.03,33.0,Tier 2,0,0
7.33,21.0,Tier 3,1,0
7.63,43.0,Tier 2,0,0
7.25,7.0,Tier 2,0,0
7.28,23.0,Tier 1,1,1
5.9,16.0,Tier 1,1,1
6.63,16.0,Tier 3,0,0
7.77,66.0,Tier 2,1,0
6.76,35.0,Tier 2,1,1
6.6,18.0,Tier 2,1,1
7.94,18.0,Tier 2,0,0
7.29,11.0,Tier 1,0,1
7.28,10.0,Tier 2,1,1
7.55,63.0,Tier 2,0,0
7.55,48.0,Tier 3,1,1
5.74,43.0,Tier 1,0,0
6.0,33.0,Tier 2,1,0
6.74,22.0,Tier 1,1,1
6.08,34.0,Tier 1,1,1
6.71,83.0,Tier 3,0,1
8.02,35.0,Tier 1,1,1
6.6,32.0,Tier 2,0,0
7.14,17.0,Tier 1,0,1
8.23,20.0,Tier 2,1,1
7.8,24.0,Tier 2,1,0
6.92,24.0,Tier 2,1,1
7.36,37.0,Tier 3,1,1
6.04,66.0,Tier 2,0,0
6.5,45.0,Tier 1,0,0
6.65,28.0,Tier 3,1,1
7.3,36.0,Tier 2,0,0
6.37,46.0,Tier 1,0,0
7.51,55.0,Tier 1,0,0
6.9,19.0,Tier 1,0,0
6.3,29.0,Tier 2,0,1
6.22,46.0,Tier 1,0,0
7.59,49.0,Tier 2,0,0
6.29,46.0,Tier 2,0,1
7.09,19.0,Tier 2,1,1
8.27,26.0,Tier 1,1,1
6.91,30.0,Tier 2,0,0
7.45,15.0,Tier 1,1,1
7.26,21.0,Tier 1,0,1
6.17,39.0,Tier 1,1,1
7.89,46.0,Tier 3,1,0
7.35,55.0,Tier 3,0,0
7.22,19.0,Tier 1,0,1
7.64,21.0,Tier 3,1,1
6.67,26.0,Tier 3,1,1
5.77,11.0,Tier 2,0,0
7.01,5.0,Tier 2,1,0
7.45,37.0,Tier 3,0,1
6.31,19.0,Tier 2,1,1
6.73,22.0,Tier 3,0,0
7.31,7.0,Tier 2,1,1
6.67,10.0,Tier 1,1,1
8.56,22.0,Tier 2,1,1
7.8,15.0,Tier 2,1,1
7.08,48.0,Tier 2,0,0
6.92,77.0,Tier 1,0,1
6.66,14.0,Tier 2,0,0
5.56,10.0,Tier 2,0,1
6.6,23.0,Tier 3,1,1
6.5,17.0,Tier 2,0,0
6.32,31.0,Tier 2,0,1
6.21,37.0,Tier 2,1,1
6.44,31.0,Tier 2,1,0
5.94,31.0,Tier 1,1,1
6.59,42.0,Tier 2,1,1
7.31,24.0,Tier 2,0,0
7.13,53.0,Tier 3,0,1
6.92,43.0,Tier 1,1,1
6.76,12.0,Tier 2,1,0
6.58,20.0,Tier 2,0,1
7.13,47.0,Tier 1,1,0
6.62,79.0,Tier 2,0,0
6.91,4.0,Tier 1,0,0
7.39,12.0,Tier 3,1,1
6.71,9.0,Tier 3,1,1
6.82,49.0,Tier 2,1,0
6.28,37.0,Tier 3,0,0
7.65,49.0,Tier 2,1,1
6.45,16.0,Tier 2,0,0
6.65,7.0,Tier 2,0,1
6.73,70.0,Tier 1,1,1
5.86,46.0,Tier 1,1,1
6.46,28.0,Tier 1,1,1
5.48,18.0,Tier 1,1,1
6.19,38.0,Tier 1,1,1
6.38,25.0,Tier 2,1,1
7.11,25.0,Tier 1,0,1
7.38,10.0,Tier 3,0,0
6.83,34.0,Tier 2,0,1
5.78,18.0,Tier 2,0,0
7.32,36.0,Tier 3,1,0
6.38,33.0,Tier 3,0,0
6.8,37.0,Tier 2,0,0
7.33,32.0,Tier 1,0,1
7.56,8.0,Tier 1,1,1
7.93,25.0,Tier 1,0,1
5.81,18.0,Tier 1,1,0
4.92,44.0,Tier 2,0,1
7.67,65.0,Tier 1,0,0
6.95,13.0,Tier 2,1,1
6.75,43.0,Tier 3,1,1
7.24,50.0,Tier 2,0,1
7.34,32.0,Tier 3,1,1
7.77,49.0,Tier 1,1,1
8.5,21.0,Tier 1,0,1
6.8,18.0,Tier 2,1,1
6.83,51.0,Tier 2,1,1
6.95,64.0,Tier 2,1,0
7.52,35.0,Tier 2,1,1
6.8,37.0,Tier 1,1,1
6.89,14.0,Tier 3,1,0
6.42,31.0,Tier 2,1,0
6.07,24.0,Tier 3,1,1
6.52,31.0,Tier 1,1,1
7.18,50.0,Tier 1,1,0
6.97,10.0,Tier 2,1,0
7.24,25.0,Tier 3,0,0
6.48,18.0,Tier 2,1,0
7.84,8.0,Tier 1,1,1
6.77,75.0,Tier 3,0,1
6.41,14.0,Tier 3,1,1
7.83,48.0,Tier 2,0,1
6.84,34.0,Tier 2,0,0
7.53,50.0,Tier 3,1,1
7.08,9.0,Tier 2,0,0
6.43,46.0,Tier 2,1,1
7.36,15.0,Tier 3,1,1
7.75,44.0,Tier 1,1,0
6.83,28.0,Tier 3,0,1
6.37,38.0,Tier 3,0,0
7.53,22.0,Tier 2,1,1
6.6,8.0,Tier 3,1,0
7.39,20.0,Tier 2,1,0
5.72,37.0,Tier 3,0,1
6.71,63.0,Tier 2,1,0
6.13,19.0,Tier 3,1,1
6.85,21.0,Tier 1,1,0
6.33,17.0,Tier 1,0,1
7.12,34.0,Tier 2,1,1
7.72,37.0,Tier 3,1,1
6.9,38.0,Tier 2,1,0
7.19,34.0,Tier 2,0,0
6.28,18.0,Tier 3,1,0
7.0,81.0,Tier 1,1,1
6.9,20.0,Tier 1,0,1
7.19,15.0,Tier 2,1,1
6.05,45.0,Tier 3,1,1
6.49,62.0,Tier 1,0,1
6.87,48.0,Tier 2,0,1
7.13,9.0,Tier 1,1,1
7.58,27.0,Tier 1,0,0
6.79,14.0,Tier 1,1,1
6.37,63.0,Tier 3,0,1
6.11,18.0,Tier 1,1,1
7.06,22.0,Tier 3,0,0
7.48,16.0,Tier 2,1,1
7.11,14.0,Tier 3,1,1
6.35,17.0,Tier 3,1,1
6.75,18.0,Tier 1,1,1
7.33,39.0,Tier 1,0,0
7.48,30.0,Tier 2,1,1
7.37,79.0,Tier 2,0,0
6.62,38.0,Tier 2,0,0
6.55,66.0,Tier 2,0,0
6.4,24.0,Tier 2,0,1
7.46,17.0,Tier 2,1,1
6.84,9.0,Tier 2,1,0
6.46,32.0,Tier 1,0,1
6.7,15.0,Tier 2,0,0
6.47,25.0,Tier 2,1,1
7.28,14.0,Tier 2,0,1
6.61,58.0,Tier 2,0,1
7.11,67.0,Tier 3,0,0
7.07,58.0,Tier 2,1,1
6.06,23.0,Tier 2,1,1
6.81,14.0,Tier 1,0,0
7.17,34.0,Tier 1,0,1
6.61,54.0,Tier 1,1,0
6.03,25.0,Tier 3,1,1
6.18,36.0,Tier 2,0,0
8.13,4.0,Tier 1,1,1
7.08,30.0,Tier 2,0,1
7.04,18.0,Tier 3,0,0
6.47,66.0,Tier 3,1,0
7.66,37.0,Tier 3,0,0
7.23,54.0,Tier 1,1,1
6.54,33.0,Tier 3,0,0
7.55,16.0,Tier 1,0,1
6.12,8.0,Tier 3,1,0
6.85,24.0,Tier 3,0,0
7.52,47.0,Tier 2,1,1
7.13,13.0,Tier 1,0,0
7.9,63.0,Tier 2,0,1
6.57,25.0,Tier 2,0,1
7.05,27.0,Tier 3,1,1
7.1,68.0,Tier 1,0,1
6.57,60.0,Tier 2,1,1
7.85,49.0,Tier 3,0,0
6.58,15.0,Tier 1,1,0
7.58,14.0,Tier 2,0,0
6.38,25.0,Tier 1,1,1
6.6,16.0,Tier 3,1,0
6.68,22.0,Tier 1,1,1
7.89,35.0,Tier 2,1,1
7.09,27.0,Tier 3,1,1
6.55,62.0,Tier 2,1,1
6.95,64.0,Tier 3,0,0
6.13,7.0,Tier 2,0,1
8.48,25.0,Tier 3,1,1
7.85,32.0,Tier 3,1,0
7.59,27.0,Tier 1,1,0
7.02,55.0,Tier 1,0,1
6.24,38.0,Tier 2,0,1
6.89,17.0,Tier 3,0,1
7.16,32.0,Tier 2,1,1
6.55,54.0,Tier 1,0,1
6.89,40.0,Tier 2,0,0
6.64,42.0,Tier 1,0,0
6.79,24.0,Tier 1,0,0
7.76,49.0,Tier 3,1,1
7.33,16.0,Tier 3,0,1
6.55,4.0,Tier 1,1,1
7.32,61.0,Tier 1,0,1
7.2,19.0,Tier 2,0,0
6.14,60.0,Tier 3,0,0
6.66,55.0,Tier 3,0,0
8.05,41.0,Tier 3,1,1
6.51,12.0,Tier 1,0,1
7.09,33.0,Tier 2,1,0
7.08,22.0,Tier 1,0,1
6.7,22.0,Tier 2,1,0
6.81,43.0,Tier 3,1,0
7.07,18.0,Tier 1,1,1
7.85,28.0,Tier 2,0,1
7.4,19.0,Tier 1,0,1
7.35,14.0,Tier 3,0,1
7.35,80.0,Tier 1,0,1
7.6,30.0,Tier 3,1,1
7.63,19.0,Tier 1,0,1
6.31,30.0,Tier 3,0,0
7.12,9.0,Tier 3,1,0
8.15,11.0,Tier 2,1,1
6.56,96.0,Tier 3,1,1
7.26,16.0,Tier 1,0,0
6.37,13.0,Tier 2,0,0
6.63,39.0,Tier 3,1,0
7.69,39.0,Tier 1,0,1
6.69,10.0,Tier 1,0,0
6.39,43.0,Tier 2,0,0
7.25,74.0,Tier 3,0,0
7.46,74.0,Tier 3,0,1
6.42,43.0,Tier 2,0,0
6.36,61.0,Tier 1,1,0
7.49,22.0,Tier 1,1,1
7.89,39.0,Tier 2,1,0
7.59,28.0,Tier 2,0,0
7.65,29.0,Tier 2,0,0
6.75,36.0,Tier 2,0,0
7.38,45.0,Tier 2,1,0
6.69,4.0,Tier 2,1,0
7.15,24.0,Tier 1,0,1
7.6,65.0,Tier 3,1,1
6.19,27.0,Tier 1,0,0
6.57,39.0,Tier 2,1,0
7.6,43.0,Tier 3,1,1
6.93,48.0,Tier 3,1,0
7.03,76.0,Tier 3,1,0
7.36,34.0,Tier 1,1,1
7.39,72.0,Tier 3,0,0
7.6,23.0,Tier 1,1,1
7.57,9.0,Tier 3,0,0
6.68,37.0,Tier 2,1,1
5.97,26.0,Tier 1,0,0
5.72,47.0,Tier 1,1,1
7.38,15.0,Tier 2,0,1
7.05,31.0,Tier 1,1,0
7.23,34.0,Tier 2,1,0
6.16,10.0,Tier 2,1,0
7.64,27.0,Tier 1,0,0
7.17,54.0,Tier 2,0,0
7.24,47.0,Tier 1,0,1
6.94,8.0,Tier 2,0,1
7.51,17.0,Tier 1,1,1
7.45,31.0,Tier 1,0,0
7.75,13.0,Tier 2,1,1
6.87,20.0,Tier 2,0,1
6.73,31.0,Tier 3,0,1
6.1,20.0,Tier 1,1,0
6.73,21.0,Tier 2,1,1
6.75,24.0,Tier 3,0,0
6.65,34.0,Tier 1,1,0
6.7,35.0,Tier 3,1,0
7.35,15.0,Tier 3,0,1
6.78,10.0,Tier 2,1,1
6.34,17.0,Tier 1,1,0
6.5,69.0,Tier 2,1,0
8.02,67.0,Tier 2,0,1
6.05,87.0,Tier 2,1,0
7.15,62.0,Tier 1,0,0
6.81,23.0,Tier 2,0,0
6.59,36.0,Tier 2,0,1
8.02,67.0,Tier 2,1,0
7.01,26.0,Tier 3,1,0
7.32,14.0,Tier 3,1,1
6.95,43.0,Tier 3,1,1
6.64,42.0,Tier 1,0,1
7.12,51.0,Tier 2,0,1
6.75,11.0,Tier 2,0,0
6.94,20.0,Tier 2,1,1
7.23,49.0,Tier 1,0,0
7.27,16.0,Tier 3,1,1
6.64,20.0,Tier 2,1,1
6.82,16.0,Tier 1,0,1
6.74,2.0,Tier 3,1,1
6.24,39.0,Tier 3,0,1
7.04,41.0,Tier 2,1,0
6.91,45.0,Tier 2,1,1
6.55,35.0,Tier 1,0,0
7.11,13.0,Tier 1,0,1
6.86,11.0,Tier 3,1,0
7.91,50.0,Tier 3,1,0
6.97,42.0,Tier 2,0,0
7.56,6.0,Tier 2,1,0
6.97,30.0,Tier 1,1,1
6.35,8.0,Tier 2,1,1
7.8,24.0,Tier 2,0,0
7.06,19.0,Tier 2,1,0
7.41,17.0,Tier 1,1,1
7.06,19.0,Tier 2,0,0
6.49,21.0,Tier 2,0,1
7.12,36.0,Tier 2,1,1
7.17,26.0,Tier 2,0,1
6.87,43.0,Tier 2,1,1
6.98,11.0,Tier 2,0,0
6.86,29.0,Tier 2,0,1
7.35,10.0,Tier 1,1,1
7.95,21.0,Tier 3,0,0
6.34,10.0,Tier 3,1,1
7.93,25.0,Tier 3,0,0
7.0,30.0,Tier 2,1,1
6.63,23.0,Tier 3,0,1
6.79,58.0,Tier 1,0,1
6.14,90.0,Tier 1,1,1
6.74,5.0,Tier 2,0,0
7.26,55.0,Tier 1,1,1
7.07,10.0,Tier 2,0,1
6.77,50.0,Tier 2,1,0
7.23,39.0,Tier 1,0,1
6.86,24.0,Tier 1,1,1
6.52,12.0,Tier 2,0,1
7.04,17.0,Tier 1,0,0
6.34,39.0,Tier 2,0,0
6.21,74.0,Tier 1,0,0
7.58,66.0,Tier 1,1,0
6.79,29.0,Tier 3,0,1
7.62,15.0,Tier 2,1,1
7.49,58.0,Tier 3,0,0
6.82,13.0,Tier 1,0,0
6.72,25.0,Tier 3,1,1
6.26,18.0,Tier 3,1,1
7.02,9.0,Tier 1,0,0
7.31,61.0,Tier 3,0,0
6.43,8.0,Tier 3,0,0
6.69,20.0,Tier 1,1,0
7.37,35.0,Tier 1,1,1
6.87,42.0,Tier 1,0,1
7.91,17.0,Tier 3,1,1
6.94,26.0,Tier 2,1,0
7.41,30.0,Tier 3,1,1
6.84,15.0,Tier 1,1,1
6.55,29.0,Tier 2,0,1
6.55,22.0,Tier 2,0,0
7.13,48.0,Tier 2,0,0
8.02,6.0,Tier 1,0,0
6.79,14.0,Tier 3,1,1
7.16,59.0,Tier 2,1,1
6.47,70.0,Tier 3,0,0
6.55,28.0,Tier 2,0,0
7.17,34.0,Tier 1,0,0
7.33,31.0,Tier 2,1,1
6.55,63.0,Tier 1,0,0
6.68,18.0,Tier 3,1,0
7.33,67.0,Tier 2,0,1
7.31,86.0,Tier 3,0,0
6.63,26.0,Tier 3,1,0
8.06,79.0,Tier 3,1,1
6.93,69.0,Tier 1,0,0
6.76,24.0,Tier 1,1,1
7.08,30.0,Tier 2,1,1
7.67,23.0,Tier 2,1,1
6.98,34.0,Tier 1,0,1
6.39,32.0,Tier 3,1,1
5.62,31.0,Tier 2,0,1
7.17,49.0,Tier 2,1,0
7.65,41.0,Tier 1,0,1
6.23,24.0,Tier 2,0,0
6.19,19.0,Tier 1,0,0
6.07,29.0,Tier 2,1,0
7.5,10.0,Tier 1,0,1
7.02,9.0,Tier 1,1,0
6.54,19.0,Tier 2,1,1
6.46,74.0,Tier 2,0,0
7.48,47.0,Tier 1,1,1
7.65,12.0,Tier 3,0,1
7.92,32.0,Tier 2,1,1
7.23,9.0,Tier 1,0,0
6.24,17.0,Tier 3,1,0
7.0,9.0,Tier 1,1,0
6.02,60.0,Tier 2,1,0
8.14,20.0,Tier 3,1,1
5.86,56.0,Tier 3,0,0
6.89,53.0,Tier 2,1,1
6.5,28.0,Tier 1,1,1
6.31,14.0,Tier 2,1,0
6.1,16.0,Tier 3,0,0
7.19,20.0,Tier 2,1,0
6.49,81.0,Tier 3,1,0
6.23,13.0,Tier 3,1,1
6.39,15.0,Tier 1,0,0
7.16,19.0,Tier 1,1,1
7.68,31.0,Tier 2,0,1
6.39,22.0,Tier 1,1,1
7.14,21.0,Tier 3,0,1
8.04,14.0,Tier 3,1,1
5.99,23.0,Tier 2,1,1
7.43,52.0,Tier 3,0,0
7.78,17.0,Tier 1,1,1
5.27,43.0,Tier 1,0,0
7.19,23.0,Tier 2,1,1
7.84,26.0,Tier 1,1,1
5.52,62.0,Tier 2,0,0
6.93,10.0,Tier 2,1,1
6.27,16.0,Tier 3,1,1
6.1,9.0,Tier 3,0,1
7.33,32.0,Tier 3,0,0
6.67,18.0,Tier 1,1,1
7.48,27.0,Tier 3,1,0
6.3,23.0,Tier 3,1,1
7.05,32.0,Tier 3,1,0
6.46,21.0,Tier 1,0,1
6.44,63.0,Tier 2,1,0
6.87,37.0,Tier 2,0,1
6.46,28.0,Tier 3,1,1
6.81,55.0,Tier 1,0,0
6.91,59.0,Tier 2,0,0
7.29,23.0,Tier 2,0,1
6.22,52.0,Tier 2,0,0
6.67,65.0,Tier 2,1,1
7.09,33.0,Tier 3,0,1
6.65,24.0,Tier 3,0,0
6.84,32.0,Tier 3,0,0
6.44,24.0,Tier 2,0,0
6.89,22.0,Tier 1,0,1
7.45,27.0,Tier 2,0,0
7.33,14.0,Tier 2,1,1
6.31,60.0,Tier 1,1,1
7.62,18.0,Tier 2,1,1
5.98,36.0,Tier 1,0,1
6.99,97.0,Tier 2,0,1
7.2,54.0,Tier 2,1,1
7.2,27.0,Tier 1,1,1
7.89,8.0,Tier 3,0,1
8.39,37.0,Tier 3,0,1
6.29,17.0,Tier 2,0,1
6.54,43.0,Tier 1,0,0
7.74,22.0,Tier 2,0,0
5.83,68.0,Tier 1,0,1
7.89,9.0,Tier 3,1,1
7.52,6.0,Tier 3,1,1
5.72,64.0,Tier 1,1,1
7.51,26.0,Tier 2,1,0
6.52,22.0,Tier 3,1,1
7.51,21.0,Tier 2,1,1
6.32,28.0,Tier 2,0,0
6.04,37.0,Tier 2,0,1
8.04,2.0,Tier 3,0,1
6.32,5.0,Tier 2,1,0
6.77,16.0,Tier 2,1,1
7.29,35.0,Tier 3,0,1
8.04,26.0,Tier 3,1,1
7.33,36.0,Tier 1,0,1
5.51,58.0,Tier 3,1,0
6.67,15.0,Tier 3,0,0
6.56,60.0,Tier 2,0,0
6.95,54.0,Tier 2,0,1
7.9,42.0,Tier 3,0,0
6.6,24.0,Tier 2,0,0
5.73,16.0,Tier 2,0,1
6.33,20.0,Tier 3,1,0
6.32,9.0,Tier 3,1,1
6.98,34.0,Tier 3,0,1
6.83,31.0,Tier 1,1,1
6.4,13.0,Tier 2,1,0
7.72,42.0,Tier 3,0,0
7.25,35.0,Tier 1,0,1
7.98,6.0,Tier 1,0,1
7.11,4.0,Tier 1,0,1
7.13,16.0,Tier 1,1,0
7.22,17.0,Tier 2,0,1
7.19,17.0,Tier 1,1,1
7.62,23.0,Tier 3,1,1
7.39,38.0,Tier 1,0,1
7.73,30.0,Tier 3,1,1
7.42,26.0,Tier 3,0,1
5.96,18.0,Tier 2,1,0
7.07,32.0,Tier 2,0,0
6.5,16.0,Tier 1,1,0
7.82,35.0,Tier 2,1,1
5.73,38.0,Tier 2,0,0
7.13,35.0,Tier 3,1,0
7.14,18.0,Tier 2,1,1
7.62,8.0,Tier 3,1,0
6.08,19.0,Tier 1,1,1
7.1,50.0,Tier 2,1,1
7.03,42.0,Tier 3,0,0
7.56,28.0,Tier 3,0,1
7.36,32.0,Tier 3,1,1
7.08,29.0,Tier 1,0,0
7.56,34.0,Tier 1,1,0
7.03,44.0,Tier 1,1,1
6.06,17.0,Tier 1,0,1
6.57,11.0,Tier 2,0,1
7.82,29.0,Tier 1,1,0
7.45,36.0,Tier 2,0,0
7.48,38.0,Tier 3,1,1
6.78,7.0,Tier 2,0,0
6.97,25.0,Tier 1,1,0
6.88,34.0,Tier 3,0,0
6.88,11.0,Tier 2,1,1
5.95,100.0,Tier 2,0,1
7.09,9.0,Tier 2,1,1
6.59,21.0,Tier 2,0,1
7.97,52.0,Tier 1,1,1
6.91,38.0,Tier 1,1,1
7.68,23.0,Tier 1,0,0
6.52,10.0,Tier 3,0,0
6.85,23.0,Tier 3,0,1
6.91,56.0,Tier 2,1,1
7.02,14.0,Tier 2,1,1
7.37,52.0,Tier 1,1,1
6.63,32.0,Tier 1,0,0
6.89,25.0,Tier 2,0,1
6.94,7.0,Tier 1,1,1
7.19,33.0,Tier 1,0,0
6.89,71.0,Tier 1,1,1
6.01,9.0,Tier 3,0,0
7.15,9.0,Tier 2,1,0
8.12,37.0,Tier 2,1,1
7.32,20.0,Tier 2,0,0
6.42,34.0,Tier 3,1,1
6.27,24.0,Tier 3,1,1
6.98,41.0,Tier 2,1,1
6.16,38.0,Tier 1,0,1
7.18,8.0,Tier 3,0,0
7.03,6.0,Tier 1,1,0
7.36,2.0,Tier 2,1,1
7.21,21.0,Tier 3,0,0
6.71,26.0,Tier 2,0,0
7.95,12.0,Tier 3,0,0
6.49,70.0,Tier 2,1,0
6.38,15.0,Tier 2,0,1
7.94,11.0,Tier 2,0,0
6.65,33.0,Tier 3,0,1
7.52,48.0,Tier 1,0,0
7.71,25.0,Tier 2,0,0
6.91,44.0,Tier 1,1,1
8.0,39.0,Tier 1,0,0
7.2,26.0,Tier 3,1,0
6.86,21.0,Tier 2,0,1
6.51,27.0,Tier 3,1,0
7.43,11.0,Tier 2,1,1
6.76,27.0,Tier 2,1,0
6.81,10.0,Tier 3,1,0
7.65,9.0,Tier 1,0,1
7.09,46.0,Tier 3,0,0
6.74,8.0,Tier 1,1,0
8.09,54.0,Tier 3,1,1
7.37,52.0,Tier 3,1,0
6.24,72.0,Tier 3,1,1
7.35,59.0,Tier 1,1,1
6.84,26.0,Tier 1,0,1
6.86,41.0,Tier 1,0,1
7.28,42.0,Tier 2,1,1
6.69,18.0,Tier 2,1,1
7.02,18.0,Tier 1,0,0
6.1,37.0,Tier 1,1,1
6.42,38.0,Tier 1,0,0
8.43,25.0,Tier 1,1,1
6.96,48.0,Tier 2,0,0
7.18,49.0,Tier 3,0,0
6.78,12.0,Tier 1,1,1
7.0,13.0,Tier 2,0,1
6.18,27.0,Tier 3,1,0
8.06,37.0,Tier 1,1,1
6.87,22.0,Tier 3,1,1
6.81,11.0,Tier 2,0,1
6.89,16.0,Tier 2,0,1
7.1,26.0,Tier 1,0,1
7.09,19.0,Tier 3,1,1
6.77,62.0,Tier 3,1,1
5.64,37.0,Tier 2,0,0
6.23,31.0,Tier 1,1,0
6.17,33.0,Tier 1,1,1
7.04,57.0,Tier 1,1,1
6.26,12.0,Tier 3,0,0
6.73,21.0,Tier 1,1,1
6.48,63.0,Tier 2,0,1
8.87,44.0,Tier 1,1,1
9.12,65.0,Tier 2,1,1
4.89,34.0,Tier 1,1,1
8.62,46.0,Tier 3,0,0
4.9,10.0,Tier 3,0,0
7.0,21.78,Tier 2,0,1
9.3,25.4,Tier 1,0,1
8.43,44.05,Tier 3,0,0
7.89,22.68,Tier 2,0,1
6.12,16.78,Tier 3,0,1
6.12,32.27,Tier 3,0,0
5.73,47.45,Tier 3,0,1
8.96,37.84,Tier 1,1,1
7.9,32.8,Tier 1,0,1
8.33,13.89,Tier 2,1,1
5.58,34.6,Tier 2,0,0
9.38,49.6,Tier 1,1,0
8.83,15.6,Tier 3,0,0
6.35,30.73,Tier 2,0,0
6.23,45.09,Tier 2,1,1
6.23,39.63,Tier 1,1,0
6.72,37.88,Tier 2,1,0
7.6,38.1,Tier 1,0,1
7.23,24.38,Tier 2,0,1
6.66,21.74,Tier 1,1,1
7.95,42.37,Tier 1,1,0
6.06,42.4,Tier 2,1,0
6.67,44.68,Tier 2,1,0
6.97,46.53,Tier 1,0,1
7.32,30.45,Tier 3,1,0
8.64,30.06,Tier 2,0,1
6.3,41.93,Tier 1,0,0
7.56,36.0,Tier 3,0,1
7.87,38.08,Tier 1,1,1
5.69,41.83,Tier 2,0,1
7.93,45.6,Tier 3,0,0
6.18,23.52,Tier 3,1,0
5.76,25.02,Tier 2,0,0
9.3,13.76,Tier 1,1,1
9.36,33.13,Tier 2,0,1
8.73,11.44,Tier 3,1,1
6.72,28.62,Tier 2,1,1
5.89,31.71,Tier 3,0,1
8.24,21.46,Tier 3,1,0
7.26,33.63,Tier 1,0,1
5.99,11.22,Tier 1,0,0
7.48,11.49,Tier 2,1,1
5.64,42.9,Tier 1,0,0
9.14,24.41,Tier 3,1,0
6.54,15.08,Tier 3,0,0
8.15,30.89,Tier 2,1,1
6.75,40.8,Tier 3,1,0
7.58,18.63,Tier 1,1,1
7.69,34.92,Tier 1,0,0
6.24,13.41,Tier 2,0,0
9.38,12.07,Tier 1,1,1
8.6,31.25,Tier 2,1,1
9.26,31.63,Tier 2,1,1
9.08,35.5,Tier 3,1,1
7.89,39.04,Tier 3,0,1
9.19,49.03,Tier 3,1,1
5.85,30.65,Tier 1,1,1
6.28,22.92,Tier 3,0,1
5.68,41.81,Tier 3,0,1
6.8,20.83,Tier 3,1,0
7.05,27.56,Tier 1,1,0
6.59,13.14,Tier 2,1,0
8.81,11.01,Tier 2,0,1
6.93,48.51,Tier 3,1,0
6.62,43.44,Tier 1,0,0
7.67,37.84,Tier 2,0,1
6.06,26.36,Tier 2,0,0
8.71,16.93,Tier 2,1,1
5.8,16.26,Tier 2,0,0
9.45,20.01,Tier 3,1,0
8.59,31.97,Tier 3,1,1
6.29,38.58,Tier 3,1,1
5.52,36.41,Tier 2,0,1
8.76,21.2,Tier 1,1,1
8.33,48.19,Tier 2,1,1
8.42,39.52,Tier 2,1,1
8.59,32.17,Tier 1,1,1
5.8,34.47,Tier 2,0,1
6.93,26.78,Tier 1,1,0
5.96,19.91,Tier 2,0,0
8.95,24.24,Tier 2,0,0
7.99,40.31,Tier 1,1,0
6.82,10.58,Tier 3,0,1
5.75,14.64,Tier 3,0,0
6.74,11.84,Tier 2,1,1
6.8,11.63,Tier 1,1,1
8.42,44.22,Tier 2,0,0
8.05,38.15,Tier 1,1,1
9.05,28.97,Tier 3,1,1
7.39,13.91,Tier 3,0,1
5.98,29.66,Tier 1,0,1
8.35,28.94,Tier 2,1,1
8.54,16.93,Tier 3,1,1
7.75,27.35,Tier 2,1,1
8.58,25.94,Tier 2,1,1
7.48,34.63,Tier 2,1,1
7.59,35.4,Tier 3,0,0
7.21,11.81,Tier 2,0,1
5.6,24.98,Tier 2,0,1
5.93,35.03,Tier 3,1,0
5.63,30.13,Tier 3,0,1
8.05,44.26,Tier 1,1,1
6.76,36.35,Tier 3,1,0
7.53,16.52,Tier 3,1,1
9.13,12.82,Tier 2,1,1
6.5,35.7,Tier 2,1,0
7.14,11.06,Tier 3,0,1
8.52,33.43,Tier 2,1,1
6.42,47.61,Tier 2,0,1
5.81,33.02,Tier 3,0,1
6.66,25.53,Tier 3,1,1
6.14,35.73,Tier 3,0,0
9.22,28.33,Tier 1,0,1
8.73,31.82,Tier 2,1,1
8.03,47.66,Tier 3,1,1
8.99,25.44,Tier 1,1,1
8.71,48.45,Tier 1,1,0
6.25,46.21,Tier 1,1,1
9.07,17.83,Tier 1,0,0
7.66,12.77,Tier 2,0,0
8.73,14.03,Tier 1,0,0
9.08,10.73,Tier 3,1,1
6.77,13.78,Tier 1,1,0
5.94,37.32,Tier 3,0,1
6.41,12.85,Tier 3,0,0
7.21,22.76,Tier 2,1,1
8.77,43.8,Tier 2,0,1
8.94,10.93,Tier 1,1,1
5.53,42.58,Tier 2,0,0
7.54,21.27,Tier 2,1,1
7.17,14.73,Tier 3,0,1
6.39,37.87,Tier 2,1,1
5.98,35.16,Tier 3,1,0
6.85,45.1,Tier 1,1,0
9.27,39.4,Tier 2,1,1
6.79,42.14,Tier 3,1,0
7.58,21.28,Tier 3,1,1
8.31,17.1,Tier 3,0,1
6.95,40.02,Tier 1,1,1
9.39,42.27,Tier 1,1,1
9.35,49.62,Tier 1,1,1
6.51,26.5,Tier 1,1,1
7.49,24.88,Tier 2,1,1
6.7,41.06,Tier 1,1,1
6.64,23.63,Tier 2,0,0
5.65,47.23,Tier 3,0,0
7.94,44.34,Tier 2,1,1
7.51,27.16,Tier 1,1,1
5.71,40.03,Tier 3,0,1
6.61,40.18,Tier 2,1,1
9.13,14.12,Tier 2,1,1
6.46,46.1,Tier 2,1,1
6.08,30.21,Tier 2,1,0
7.46,43.06,Tier 1,0,0
9.44,22.8,Tier 1,0,1
6.47,45.82,Tier 1,0,0
8.19,25.57,Tier 3,1,1
8.55,10.43,Tier 3,0,0
6.45,46.22,Tier 2,0,0
8.41,13.65,Tier 2,1,0
6.97,22.77,Tier 1,1,1
8.03,48.0,Tier 1,1,1
8.03,48.02,Tier 2,1,1
7.64,32.94,Tier 1,0,1
5.86,35.27,Tier 1,1,0
8.84,27.94,Tier 1,1,1
6.78,21.73,Tier 3,0,1
6.25,23.15,Tier 2,0,0
5.66,36.9,Tier 2,0,0
7.86,40.09,Tier 2,0,1
8.21,41.66,Tier 3,1,1
5.57,41.58,Tier 3,0,0
7.55,13.65,Tier 2,1,1
6.41,29.78,Tier 1,0,0
8.08,12.3,Tier 3,1,1
6.2,31.98,Tier 1,1,0
8.26,27.66,Tier 2,0,1
7.05,45.51,Tier 3,1,1
9.25,24.04,Tier 2,0,1
6.05,14.68,Tier 3,1,1
6.86,15.72,Tier 2,0,0
5.95,40.46,Tier 2,0,0
9.2,34.73,Tier 2,0,0
9.01,14.04,Tier 3,1,1
6.53,13.36,Tier 1,1,1
8.14,38.04,Tier 2,1,1
8.77,12.91,Tier 1,0,0
7.72,42.87,Tier 1,1,1
7.62,38.25,Tier 3,0,1
6.47,13.25,Tier 2,1,1
5.87,13.39,Tier 3,0,1
9.09,49.47,Tier 2,0,0
9.1,24.97,Tier 2,0,1
8.03,24.83,Tier 3,1,1
6.86,42.51,Tier 1,1,1
6.9,47.89,Tier 3,0,0
8.4,49.44,Tier 1,1,1
9.09,40.14,Tier 3,1,1
9.05,25.05,Tier 3,1,1
8.62,13.34,Tier 3,1,1
8.07,41.09,Tier 1,1,1
5.84,32.34,Tier 1,0,1
6.15,26.97,Tier 1,0,0
9.09,46.25,Tier 2,0,1
7.93,14.45,Tier 2,1,0
5.54,29.71,Tier 1,1,0
5.91,10.45,Tier 1,0,1
8.15,28.75,Tier 1,0,1
5.52,12.25,Tier 1,0,1
6.14,14.75,Tier 2,0,1
7.69,14.7,Tier 3,0,1
8.27,35.97,Tier 1,0,1
8.11,39.84,Tier 2,1,0
6.4,33.33,Tier 3,1,0
8.35,48.49,Tier 1,0,1
6.45,24.99,Tier 3,0,0
6.8,21.43,Tier 2,0,1
8.49,44.74,Tier 2,1,1
8.1,18.94,Tier 1,0,0
8.9,48.53,Tier 3,0,0
8.13,10.49,Tier 3,1,1
7.77,48.8,Tier 2,0,0
5.87,11.73,Tier 1,0,1
6.97,45.65,Tier 1,0,0
6.56,31.11,Tier 1,0,0
6.48,49.72,Tier 3,0,0
9.39,12.95,Tier 1,1,1
7.07,32.15,Tier 2,1,1
9.07,48.77,Tier 1,1,1
8.02,30.92,Tier 2,1,1
8.68,35.18,Tier 1,1,1
7.51,37.83,Tier 3,0,1
7.81,28.18,Tier 3,0,1
7.47,35.1,Tier 2,1,1
6.28,33.37,Tier 1,0,1
8.39,46.05,Tier 2,0,1
6.62,11.82,Tier 3,0,1
5.6,21.24,Tier 2,0,1
8.08,48.02,Tier 2,0,1
6.21,45.61,Tier 1,1,1
9.26,28.23,Tier 2,1,1
9.32,34.81,Tier 1,1,1
9.16,21.1,Tier 2,1,1
6.98,17.52,Tier 3,0,1
5.56,28.55,Tier 2,0,1
9.21,24.13,Tier 2,1,0
7.21,33.35,Tier 2,1,1
9.37,13.11,Tier 2,0,0
9.35,48.98,Tier 2,1,1
8.91,49.45,Tier 2,1,1
